{
  "datas": [
    {
      "configID": "AddressInfo",
      "mapFileName": "yiheyuan.jpg",
      "locTopL": [
        104.0555497054,
        30.5560205215
      ],
      "locTopR": [
        104.0593638066,
        30.5560528587
      ],
      "locBottomL": [
        104.0556301716,
        30.5526897378
      ],
      "locBottomR": [
        104.0594979170,
        30.5526804983
      ]
    }
  ]
}